Measurement,LAeq_dBA,LCeq_dBC,LZeq_dB,Group
DENiendeFredag10042026kl1300-1318MegetFaaMennesker_,61.2689171461076,64.1809479943721,65.0344112132081,NonBackground
DENiendeFredag10042026kl1330-1342StadigFaaMennesker_,67.7957739151499,70.1509552634497,70.3681611778362,NonBackground
DENiendeFredag10042026kl1404-1414LidtFlereMennesker_,68.2073870767532,70.7187535269447,70.9568973237718,NonBackground
DENiendeFredag10042026kl1433-145020Mennesker_,72.1148842139704,73.8477421724244,74.0049025517857,NonBackground
backgroundMeasurement10042026_,52.5052890470918,57.7455392577052,59.5659485929554,Background
