Group,Mean_dBA,Std_dB,Min_dB,Max_dB
Background,52.5052890470918,0,52.5052890470918,52.5052890470918
NonBackground,67.3467405879953,4.49508897710207,61.2689171461076,72.1148842139704
