Group,Mean_dBA,Std_dB,Min_dB,Max_dB
Background,43.7142897171581,1.90826325543702,40.1608949508485,46.0167351049175
NonBackground,75.7779424503564,4.55761356806323,66.2041001515231,82.3452375868646
